{
  "env_name": "go1_joystick",
  "flow_type": "vp",
  "seed": 1,
  "eval_results": [
    {
      "step": 0,
      "reward_mean": 0.001289669773541391,
      "reward_std": 0.0033278921619057655
    },
    {
      "step": 1,
      "reward_mean": 0.0008719387114979327,
      "reward_std": 0.003406772157177329
    },
    {
      "step": 2,
      "reward_mean": 0.0008356108446605504,
      "reward_std": 0.002328827977180481
    }
  ],
  "final_reward": 0.0008356108446605504,
  "total_time": 2376.129856824875
}