{
  "env_name": "go1_getup",
  "flow_type": "ot",
  "seed": 1,
  "eval_results": [
    {
      "step": 0,
      "reward_mean": 0.014693604782223701,
      "reward_std": 0.016992205753922462
    },
    {
      "step": 1,
      "reward_mean": 0.1508333832025528,
      "reward_std": 0.15134215354919434
    },
    {
      "step": 2,
      "reward_mean": 0.9118998050689697,
      "reward_std": 0.8938117027282715
    }
  ],
  "final_reward": 0.9118998050689697,
  "total_time": 945.6126902103424
}