{
  "seeds": [
    0,
    1,
    2
  ],
  "final_rewards": [
    4103.560546875,
    4108.86865234375,
    4120.080078125
  ],
  "mean": 4110.83642578125,
  "std": 6.886112953179976
}