{
  "seeds": [
    0,
    1,
    2
  ],
  "final_rewards": [
    4121.0810546875,
    4142.71923828125,
    4151.86279296875
  ],
  "mean": 4138.554361979167,
  "std": 12.907065219291963
}