{
  "ot": {
    "rewards": [
      4099.7431640625,
      4344.91552734375,
      4341.9365234375
    ],
    "mean": 4262.198404947917,
    "std": 114.87964015850801,
    "n": 3
  },
  "vp": {
    "rewards": [
      4103.560546875,
      4108.86865234375,
      4120.080078125
    ],
    "mean": 4110.83642578125,
    "std": 6.886112953179976,
    "n": 3
  },
  "cosine": {
    "rewards": [
      4121.0810546875,
      4142.71923828125,
      4151.86279296875
    ],
    "mean": 4138.554361979167,
    "std": 12.907065219291963,
    "n": 3
  }
}