{
  "env_name": "go1_handstand",
  "flow_type": "cosine",
  "seed": 0,
  "eval_results": [
    {
      "step": 0,
      "reward_mean": 0.5278992652893066,
      "reward_std": 0.2583730220794678
    },
    {
      "step": 1,
      "reward_mean": 0.7118560075759888,
      "reward_std": 0.279797226190567
    },
    {
      "step": 2,
      "reward_mean": 1.3724013566970825,
      "reward_std": 0.635174572467804
    }
  ],
  "total_time": 98.07261347770691
}