{
  "env_name": "go1_handstand",
  "flow_type": "vp",
  "seed": 0,
  "eval_results": [
    {
      "step": 0,
      "reward_mean": 0.5350383520126343,
      "reward_std": 0.2679237127304077
    },
    {
      "step": 1,
      "reward_mean": 0.6894276142120361,
      "reward_std": 0.29281508922576904
    },
    {
      "step": 2,
      "reward_mean": 1.1813409328460693,
      "reward_std": 0.6188043355941772
    }
  ],
  "total_time": 96.54789066314697
}