{
  "env_name": "go1_joystick",
  "algorithm": "ppo",
  "seed": 0,
  "eval_results": [
    {
      "step": 0,
      "reward_mean": 17.487598419189453,
      "reward_std": 6.535526275634766
    },
    {
      "step": 1,
      "reward_mean": 15.831549644470215,
      "reward_std": 7.245001792907715
    },
    {
      "step": 2,
      "reward_mean": 16.941482543945312,
      "reward_std": 6.419404029846191
    }
  ],
  "final_reward": 16.941482543945312,
  "total_time": 72.7209882736206
}