{
  "env_name": "go1_handstand",
  "algorithm": "ppo",
  "seed": 0,
  "eval_results": [
    {
      "step": 0,
      "reward_mean": 0.8244816064834595,
      "reward_std": 0.14215302467346191
    },
    {
      "step": 1,
      "reward_mean": 1.8569128513336182,
      "reward_std": 0.1280701607465744
    },
    {
      "step": 2,
      "reward_mean": 1.775514006614685,
      "reward_std": 0.05819662660360336
    }
  ],
  "final_reward": 1.775514006614685,
  "total_time": 87.9414849281311
}